<annotation>
	<folder>images</folder>
	<filename>2292821189_64cc5d5d52.jpg</filename>
	<path>/home/paperspace/Desktop/images/2292821189_64cc5d5d52.jpg</path>
	<source>
		<database>Unknown</database>
	</source>
	<size>
		<width>500</width>
		<height>375</height>
		<depth>3</depth>
	</size>
	<segmented>0</segmented>
	<object>
		<name>macncheese</name>
		<pose>Unspecified</pose>
		<truncated>0</truncated>
		<difficult>0</difficult>
		<bndbox>
			<xmin>33</xmin>
			<ymin>50</ymin>
			<xmax>462</xmax>
			<ymax>272</ymax>
		</bndbox>
	</object>
</annotation>
