<annotation>
	<folder>images</folder>
	<filename>2353762154_554c656a0d.jpg</filename>
	<path>/home/paperspace/Desktop/images/2353762154_554c656a0d.jpg</path>
	<source>
		<database>Unknown</database>
	</source>
	<size>
		<width>500</width>
		<height>375</height>
		<depth>3</depth>
	</size>
	<segmented>0</segmented>
	<object>
		<name>macncheese</name>
		<pose>Unspecified</pose>
		<truncated>0</truncated>
		<difficult>0</difficult>
		<bndbox>
			<xmin>4</xmin>
			<ymin>19</ymin>
			<xmax>498</xmax>
			<ymax>339</ymax>
		</bndbox>
	</object>
</annotation>
