<annotation>
	<folder>images</folder>
	<filename>2818714181_08ca544c02.jpg</filename>
	<path>/home/paperspace/Desktop/images/2818714181_08ca544c02.jpg</path>
	<source>
		<database>Unknown</database>
	</source>
	<size>
		<width>500</width>
		<height>380</height>
		<depth>3</depth>
	</size>
	<segmented>0</segmented>
	<object>
		<name>macncheese</name>
		<pose>Unspecified</pose>
		<truncated>1</truncated>
		<difficult>0</difficult>
		<bndbox>
			<xmin>182</xmin>
			<ymin>41</ymin>
			<xmax>500</xmax>
			<ymax>362</ymax>
		</bndbox>
	</object>
</annotation>
