<annotation>
	<folder>images</folder>
	<filename>3326310350_31bced12f2.jpg</filename>
	<path>/home/paperspace/Desktop/images/3326310350_31bced12f2.jpg</path>
	<source>
		<database>Unknown</database>
	</source>
	<size>
		<width>431</width>
		<height>500</height>
		<depth>3</depth>
	</size>
	<segmented>0</segmented>
	<object>
		<name>macncheese</name>
		<pose>Unspecified</pose>
		<truncated>0</truncated>
		<difficult>0</difficult>
		<bndbox>
			<xmin>10</xmin>
			<ymin>108</ymin>
			<xmax>379</xmax>
			<ymax>392</ymax>
		</bndbox>
	</object>
</annotation>
