<annotation>
	<folder>images</folder>
	<filename>3419625407_06f7d9852b.jpg</filename>
	<path>/home/paperspace/Desktop/images/3419625407_06f7d9852b.jpg</path>
	<source>
		<database>Unknown</database>
	</source>
	<size>
		<width>500</width>
		<height>333</height>
		<depth>3</depth>
	</size>
	<segmented>0</segmented>
	<object>
		<name>macncheese</name>
		<pose>Unspecified</pose>
		<truncated>0</truncated>
		<difficult>0</difficult>
		<bndbox>
			<xmin>39</xmin>
			<ymin>80</ymin>
			<xmax>459</xmax>
			<ymax>236</ymax>
		</bndbox>
	</object>
</annotation>
