<annotation>
	<folder>images</folder>
	<filename>3605201776_cbf59d62c2.jpg</filename>
	<path>/home/paperspace/Desktop/images/3605201776_cbf59d62c2.jpg</path>
	<source>
		<database>Unknown</database>
	</source>
	<size>
		<width>500</width>
		<height>333</height>
		<depth>3</depth>
	</size>
	<segmented>0</segmented>
	<object>
		<name>macncheese</name>
		<pose>Unspecified</pose>
		<truncated>1</truncated>
		<difficult>0</difficult>
		<bndbox>
			<xmin>247</xmin>
			<ymin>36</ymin>
			<xmax>500</xmax>
			<ymax>210</ymax>
		</bndbox>
	</object>
</annotation>
