<annotation>
	<folder>images</folder>
	<filename>3856722940_71d6a650ea.jpg</filename>
	<path>/home/paperspace/Desktop/images/3856722940_71d6a650ea.jpg</path>
	<source>
		<database>Unknown</database>
	</source>
	<size>
		<width>500</width>
		<height>375</height>
		<depth>3</depth>
	</size>
	<segmented>0</segmented>
	<object>
		<name>macncheese</name>
		<pose>Unspecified</pose>
		<truncated>0</truncated>
		<difficult>0</difficult>
		<bndbox>
			<xmin>120</xmin>
			<ymin>17</ymin>
			<xmax>498</xmax>
			<ymax>229</ymax>
		</bndbox>
	</object>
</annotation>
