<annotation>
	<folder>images</folder>
	<filename>4148574215_672f96118e.jpg</filename>
	<path>/home/paperspace/Desktop/images/4148574215_672f96118e.jpg</path>
	<source>
		<database>Unknown</database>
	</source>
	<size>
		<width>500</width>
		<height>375</height>
		<depth>3</depth>
	</size>
	<segmented>0</segmented>
	<object>
		<name>macncheese</name>
		<pose>Unspecified</pose>
		<truncated>0</truncated>
		<difficult>0</difficult>
		<bndbox>
			<xmin>31</xmin>
			<ymin>115</ymin>
			<xmax>446</xmax>
			<ymax>291</ymax>
		</bndbox>
	</object>
</annotation>
