<annotation>
	<folder>images</folder>
	<filename>745321781_722417c591.jpg</filename>
	<path>/home/paperspace/Desktop/images/745321781_722417c591.jpg</path>
	<source>
		<database>Unknown</database>
	</source>
	<size>
		<width>500</width>
		<height>375</height>
		<depth>3</depth>
	</size>
	<segmented>0</segmented>
	<object>
		<name>macncheese</name>
		<pose>Unspecified</pose>
		<truncated>0</truncated>
		<difficult>0</difficult>
		<bndbox>
			<xmin>167</xmin>
			<ymin>162</ymin>
			<xmax>384</xmax>
			<ymax>254</ymax>
		</bndbox>
	</object>
</annotation>
