<annotation>
	<folder>images</folder>
	<filename>ad43da3c-1142-484c-947a-de74d0e0d416.jpg</filename>
	<path>/home/paperspace/Desktop/images/ad43da3c-1142-484c-947a-de74d0e0d416.jpg</path>
	<source>
		<database>Unknown</database>
	</source>
	<size>
		<width>380</width>
		<height>214</height>
		<depth>3</depth>
	</size>
	<segmented>0</segmented>
	<object>
		<name>macncheese</name>
		<pose>Unspecified</pose>
		<truncated>1</truncated>
		<difficult>0</difficult>
		<bndbox>
			<xmin>61</xmin>
			<ymin>1</ymin>
			<xmax>341</xmax>
			<ymax>125</ymax>
		</bndbox>
	</object>
</annotation>
