<annotation>
	<folder>images</folder>
	<filename>DSC05307.jpg</filename>
	<path>/home/paperspace/Desktop/images/DSC05307.jpg</path>
	<source>
		<database>Unknown</database>
	</source>
	<size>
		<width>500</width>
		<height>383</height>
		<depth>3</depth>
	</size>
	<segmented>0</segmented>
	<object>
		<name>macncheese</name>
		<pose>Unspecified</pose>
		<truncated>0</truncated>
		<difficult>0</difficult>
		<bndbox>
			<xmin>110</xmin>
			<ymin>156</ymin>
			<xmax>461</xmax>
			<ymax>354</ymax>
		</bndbox>
	</object>
</annotation>
