<annotation>
	<folder>images</folder>
	<filename>Instant-Pot-Meatless-Monday-Best-Ever-Macaroni-Cheese.jpg</filename>
	<path>/home/paperspace/Desktop/images/Instant-Pot-Meatless-Monday-Best-Ever-Macaroni-Cheese.jpg</path>
	<source>
		<database>Unknown</database>
	</source>
	<size>
		<width>1000</width>
		<height>668</height>
		<depth>3</depth>
	</size>
	<segmented>0</segmented>
	<object>
		<name>macncheese</name>
		<pose>Unspecified</pose>
		<truncated>1</truncated>
		<difficult>0</difficult>
		<bndbox>
			<xmin>121</xmin>
			<ymin>174</ymin>
			<xmax>1000</xmax>
			<ymax>649</ymax>
		</bndbox>
	</object>
</annotation>
