<annotation>
	<folder>images</folder>
	<filename>JWYBZJMdS2uM1SwQaI7Q_stovetop-macaroni-cheese-8831.jpg</filename>
	<path>/home/paperspace/Desktop/images/JWYBZJMdS2uM1SwQaI7Q_stovetop-macaroni-cheese-8831.jpg</path>
	<source>
		<database>Unknown</database>
	</source>
	<size>
		<width>620</width>
		<height>413</height>
		<depth>3</depth>
	</size>
	<segmented>0</segmented>
	<object>
		<name>macncheese</name>
		<pose>Unspecified</pose>
		<truncated>0</truncated>
		<difficult>0</difficult>
		<bndbox>
			<xmin>112</xmin>
			<ymin>146</ymin>
			<xmax>388</xmax>
			<ymax>399</ymax>
		</bndbox>
	</object>
</annotation>
