<annotation>
	<folder>images</folder>
	<filename>MAC-CHEESE_zpse7f7e8d6.jpg</filename>
	<path>/home/paperspace/Desktop/images/MAC-CHEESE_zpse7f7e8d6.jpg</path>
	<source>
		<database>Unknown</database>
	</source>
	<size>
		<width>640</width>
		<height>427</height>
		<depth>3</depth>
	</size>
	<segmented>0</segmented>
	<object>
		<name>macncheese</name>
		<pose>Unspecified</pose>
		<truncated>0</truncated>
		<difficult>0</difficult>
		<bndbox>
			<xmin>296</xmin>
			<ymin>130</ymin>
			<xmax>530</xmax>
			<ymax>273</ymax>
		</bndbox>
	</object>
</annotation>
