<annotation>
	<folder>images</folder>
	<filename>mac-and-cheese.jpg</filename>
	<path>/home/paperspace/Desktop/images/mac-and-cheese.jpg</path>
	<source>
		<database>Unknown</database>
	</source>
	<size>
		<width>650</width>
		<height>976</height>
		<depth>3</depth>
	</size>
	<segmented>0</segmented>
	<object>
		<name>macncheese</name>
		<pose>Unspecified</pose>
		<truncated>0</truncated>
		<difficult>0</difficult>
		<bndbox>
			<xmin>26</xmin>
			<ymin>263</ymin>
			<xmax>572</xmax>
			<ymax>797</ymax>
		</bndbox>
	</object>
</annotation>
