<annotation>
	<folder>images</folder>
	<filename>macaroni-cheese-rs-640874-x.jpg</filename>
	<path>/home/paperspace/Desktop/images/macaroni-cheese-rs-640874-x.jpg</path>
	<source>
		<database>Unknown</database>
	</source>
	<size>
		<width>300</width>
		<height>300</height>
		<depth>3</depth>
	</size>
	<segmented>0</segmented>
	<object>
		<name>macncheese</name>
		<pose>Unspecified</pose>
		<truncated>1</truncated>
		<difficult>0</difficult>
		<bndbox>
			<xmin>58</xmin>
			<ymin>63</ymin>
			<xmax>300</xmax>
			<ymax>218</ymax>
		</bndbox>
	</object>
</annotation>
