<annotation>
	<folder>images</folder>
	<filename>MAcCheeseCD-640x360.jpg</filename>
	<path>/home/paperspace/Desktop/images/MAcCheeseCD-640x360.jpg</path>
	<source>
		<database>Unknown</database>
	</source>
	<size>
		<width>640</width>
		<height>360</height>
		<depth>3</depth>
	</size>
	<segmented>0</segmented>
	<object>
		<name>macncheese</name>
		<pose>Unspecified</pose>
		<truncated>0</truncated>
		<difficult>0</difficult>
		<bndbox>
			<xmin>66</xmin>
			<ymin>18</ymin>
			<xmax>513</xmax>
			<ymax>273</ymax>
		</bndbox>
	</object>
</annotation>
