<annotation>
	<folder>images</folder>
	<filename>maccheesefry4.jpg</filename>
	<path>/home/paperspace/Desktop/images/maccheesefry4.jpg</path>
	<source>
		<database>Unknown</database>
	</source>
	<size>
		<width>615</width>
		<height>412</height>
		<depth>3</depth>
	</size>
	<segmented>0</segmented>
	<object>
		<name>macncheese</name>
		<pose>Unspecified</pose>
		<truncated>0</truncated>
		<difficult>0</difficult>
		<bndbox>
			<xmin>43</xmin>
			<ymin>122</ymin>
			<xmax>320</xmax>
			<ymax>341</ymax>
		</bndbox>
	</object>
</annotation>
