<annotation>
	<folder>images</folder>
	<filename>masdfasfsacaroni-and-cheese.jpg</filename>
	<path>/home/paperspace/Desktop/images/masdfasfsacaroni-and-cheese.jpg</path>
	<source>
		<database>Unknown</database>
	</source>
	<size>
		<width>432</width>
		<height>324</height>
		<depth>3</depth>
	</size>
	<segmented>0</segmented>
	<object>
		<name>macncheese</name>
		<pose>Unspecified</pose>
		<truncated>1</truncated>
		<difficult>0</difficult>
		<bndbox>
			<xmin>1</xmin>
			<ymin>49</ymin>
			<xmax>372</xmax>
			<ymax>301</ymax>
		</bndbox>
	</object>
</annotation>
