<annotation>
	<folder>images</folder>
	<filename>Midwest-Macaroni-and-Cheese-Recipe.jpg</filename>
	<path>/home/paperspace/Desktop/images/Midwest-Macaroni-and-Cheese-Recipe.jpg</path>
	<source>
		<database>Unknown</database>
	</source>
	<size>
		<width>450</width>
		<height>400</height>
		<depth>3</depth>
	</size>
	<segmented>0</segmented>
	<object>
		<name>macncheese</name>
		<pose>Unspecified</pose>
		<truncated>0</truncated>
		<difficult>0</difficult>
		<bndbox>
			<xmin>24</xmin>
			<ymin>79</ymin>
			<xmax>424</xmax>
			<ymax>276</ymax>
		</bndbox>
	</object>
</annotation>
