<annotation>
	<folder>images</folder>
	<filename>Miracle Mac front.jpg</filename>
	<path>/home/paperspace/Desktop/images/Miracle Mac front.jpg</path>
	<source>
		<database>Unknown</database>
	</source>
	<size>
		<width>640</width>
		<height>480</height>
		<depth>3</depth>
	</size>
	<segmented>0</segmented>
	<object>
		<name>macncheese</name>
		<pose>Unspecified</pose>
		<truncated>0</truncated>
		<difficult>0</difficult>
		<bndbox>
			<xmin>99</xmin>
			<ymin>71</ymin>
			<xmax>546</xmax>
			<ymax>406</ymax>
		</bndbox>
	</object>
</annotation>
