<annotation>
	<folder>images</folder>
	<filename>Pumpin-Macaroni.jpg</filename>
	<path>/home/paperspace/Desktop/images/Pumpin-Macaroni.jpg</path>
	<source>
		<database>Unknown</database>
	</source>
	<size>
		<width>550</width>
		<height>567</height>
		<depth>3</depth>
	</size>
	<segmented>0</segmented>
	<object>
		<name>macncheese</name>
		<pose>Unspecified</pose>
		<truncated>0</truncated>
		<difficult>0</difficult>
		<bndbox>
			<xmin>39</xmin>
			<ymin>60</ymin>
			<xmax>502</xmax>
			<ymax>529</ymax>
		</bndbox>
	</object>
</annotation>
