<annotation>
	<folder>images</folder>
	<filename>Quick-Shells-and-Cheese-labeled.jpg</filename>
	<path>/home/paperspace/Desktop/images/Quick-Shells-and-Cheese-labeled.jpg</path>
	<source>
		<database>Unknown</database>
	</source>
	<size>
		<width>550</width>
		<height>550</height>
		<depth>3</depth>
	</size>
	<segmented>0</segmented>
	<object>
		<name>macncheese</name>
		<pose>Unspecified</pose>
		<truncated>0</truncated>
		<difficult>0</difficult>
		<bndbox>
			<xmin>51</xmin>
			<ymin>201</ymin>
			<xmax>464</xmax>
			<ymax>479</ymax>
		</bndbox>
	</object>
</annotation>
