<annotation>
	<folder>images</folder>
	<filename>slow-cooker-mac-cheese-26-600.jpg</filename>
	<path>/home/paperspace/Desktop/images/slow-cooker-mac-cheese-26-600.jpg</path>
	<source>
		<database>Unknown</database>
	</source>
	<size>
		<width>600</width>
		<height>400</height>
		<depth>3</depth>
	</size>
	<segmented>0</segmented>
	<object>
		<name>macncheese</name>
		<pose>Unspecified</pose>
		<truncated>0</truncated>
		<difficult>0</difficult>
		<bndbox>
			<xmin>87</xmin>
			<ymin>8</ymin>
			<xmax>567</xmax>
			<ymax>282</ymax>
		</bndbox>
	</object>
</annotation>
