<annotation>
	<folder>images</folder>
	<filename>Southern-Mac-Cheese.jpg</filename>
	<path>/home/paperspace/Desktop/images/Southern-Mac-Cheese.jpg</path>
	<source>
		<database>Unknown</database>
	</source>
	<size>
		<width>448</width>
		<height>393</height>
		<depth>3</depth>
	</size>
	<segmented>0</segmented>
	<object>
		<name>macncheese</name>
		<pose>Unspecified</pose>
		<truncated>0</truncated>
		<difficult>0</difficult>
		<bndbox>
			<xmin>78</xmin>
			<ymin>91</ymin>
			<xmax>369</xmax>
			<ymax>272</ymax>
		</bndbox>
	</object>
</annotation>
