<annotation>
	<folder>images</folder>
	<filename>Still_1_One_Pot_Mac_Cheese.jpg</filename>
	<path>/home/paperspace/Desktop/images/Still_1_One_Pot_Mac_Cheese.jpg</path>
	<source>
		<database>Unknown</database>
	</source>
	<size>
		<width>750</width>
		<height>750</height>
		<depth>3</depth>
	</size>
	<segmented>0</segmented>
	<object>
		<name>macncheese</name>
		<pose>Unspecified</pose>
		<truncated>1</truncated>
		<difficult>0</difficult>
		<bndbox>
			<xmin>1</xmin>
			<ymin>155</ymin>
			<xmax>577</xmax>
			<ymax>595</ymax>
		</bndbox>
	</object>
</annotation>
