<annotation>
	<folder>images</folder>
	<filename>th.jpg</filename>
	<path>/home/paperspace/Desktop/images/th.jpg</path>
	<source>
		<database>Unknown</database>
	</source>
	<size>
		<width>306</width>
		<height>204</height>
		<depth>3</depth>
	</size>
	<segmented>0</segmented>
	<object>
		<name>macncheese</name>
		<pose>Unspecified</pose>
		<truncated>0</truncated>
		<difficult>0</difficult>
		<bndbox>
			<xmin>37</xmin>
			<ymin>72</ymin>
			<xmax>246</xmax>
			<ymax>166</ymax>
		</bndbox>
	</object>
</annotation>
