<annotation>
	<folder>images</folder>
	<filename>thumb_600.jpg</filename>
	<path>/home/paperspace/Desktop/images/thumb_600.jpg</path>
	<source>
		<database>Unknown</database>
	</source>
	<size>
		<width>590</width>
		<height>590</height>
		<depth>3</depth>
	</size>
	<segmented>0</segmented>
	<object>
		<name>macncheese</name>
		<pose>Unspecified</pose>
		<truncated>1</truncated>
		<difficult>0</difficult>
		<bndbox>
			<xmin>7</xmin>
			<ymin>5</ymin>
			<xmax>590</xmax>
			<ymax>589</ymax>
		</bndbox>
	</object>
</annotation>
