<annotation>
	<folder>images</folder>
	<filename>velveetashellsandcheese.jpg</filename>
	<path>/home/paperspace/Desktop/images/velveetashellsandcheese.jpg</path>
	<source>
		<database>Unknown</database>
	</source>
	<size>
		<width>900</width>
		<height>602</height>
		<depth>3</depth>
	</size>
	<segmented>0</segmented>
	<object>
		<name>macncheese</name>
		<pose>Unspecified</pose>
		<truncated>0</truncated>
		<difficult>0</difficult>
		<bndbox>
			<xmin>167</xmin>
			<ymin>169</ymin>
			<xmax>795</xmax>
			<ymax>527</ymax>
		</bndbox>
	</object>
</annotation>
